id,path,category,expected_behavior,expected_esbmc,expected_asan,expected_tsan,expected_deadlock,expected_afl,include_in_pipeline,description
assertion_violation_001,benchmarks/assertion_violation/assert_array_index.c,assertion_violation,vulneravel,detectar,nao_aplicavel,nao_aplicavel,nao_aplicavel,nao_aplicavel,true,assert falha por indice fora do intervalo logico
assertion_violation_002,benchmarks/assertion_violation/assert_bank_withdraw_error.c,assertion_violation,vulneravel,detectar,nao_aplicavel,nao_aplicavel,nao_aplicavel,nao_aplicavel,true,retirada permite saldo abaixo do limite
assertion_violation_003,benchmarks/assertion_violation/assert_bank_withdraw_safe.c,assertion_violation,correto,nao_detectar,nao_aplicavel,nao_aplicavel,nao_aplicavel,nao_aplicavel,true,retirada valida limite antes de alterar saldo
assertion_violation_004,benchmarks/assertion_violation/assert_counter_overflow.c,assertion_violation,vulneravel,detectar,nao_aplicavel,nao_aplicavel,nao_aplicavel,nao_aplicavel,true,contador viola limite especificado por assert
assertion_violation_005,benchmarks/assertion_violation/assert_negative_value.c,assertion_violation,vulneravel,detectar,nao_aplicavel,nao_aplicavel,nao_aplicavel,nao_aplicavel,true,valor negativo viola propriedade esperada
assertion_violation_006,benchmarks/assertion_violation/assert_protocol_sequence_error.c,assertion_violation,vulneravel,detectar,nao_aplicavel,nao_aplicavel,nao_aplicavel,nao_aplicavel,true,sequencia de protocolo nao satisfaz estado esperado
assertion_violation_007,benchmarks/assertion_violation/assert_sorted_insert_error.c,assertion_violation,vulneravel,detectar,nao_aplicavel,nao_aplicavel,nao_aplicavel,nao_aplicavel,true,insercao excede capacidade logica do vetor
assertion_violation_008,benchmarks/assertion_violation/assert_sorted_insert_safe.c,assertion_violation,correto,nao_detectar,nao_aplicavel,nao_aplicavel,nao_aplicavel,nao_aplicavel,true,insercao valida capacidade antes de confirmar tamanho
assertion_violation_009,benchmarks/assertion_violation/assert_state_transition.c,assertion_violation,vulneravel,detectar,nao_aplicavel,nao_aplicavel,nao_aplicavel,nao_aplicavel,true,transicao de estado viola propriedade esperada
assertion_violation_010,benchmarks/assertion_violation/assert_sum_limit.c,assertion_violation,vulneravel,detectar,nao_aplicavel,nao_aplicavel,nao_aplicavel,nao_aplicavel,true,soma excede limite verificado por assert
assertion_violation_011,benchmarks/assertion_violation/simple_assert_fail.c,assertion_violation,vulneravel,detectar,nao_aplicavel,nao_aplicavel,nao_aplicavel,nao_aplicavel,true,caso minimo de assert violado
assertion_violation_012,benchmarks/assertion_violation/simple_assert_pass.c,assertion_violation,correto,nao_detectar,nao_aplicavel,nao_aplicavel,nao_aplicavel,nao_aplicavel,false,controle positivo para validacao de reparo ESBMC
assertion_violation_013,benchmarks/assertion_violation/assert_inventory_rebalance_error.c,assertion_violation,vulneravel,detectar,nao_aplicavel,nao_aplicavel,nao_aplicavel,nao_aplicavel,true,rebalanceamento condicional deixa estoque reserva negativo
assertion_violation_014,benchmarks/assertion_violation/assert_quota_rollover_error.c,assertion_violation,vulneravel,detectar,nao_aplicavel,nao_aplicavel,nao_aplicavel,nao_aplicavel,true,rollover de cota ultrapassa limite maximo permitido
data_race_001,benchmarks/data_race/race_array_cell.c,data_race,vulneravel,nao_aplicavel,nao_aplicavel,detectar,nao_aplicavel,nao_aplicavel,true,duas threads escrevem na mesma celula sem sincronizacao
data_race_002,benchmarks/data_race/race_config_reload_error.c,data_race,vulneravel,nao_aplicavel,nao_aplicavel,detectar,nao_aplicavel,nao_aplicavel,true,leitura e escrita de configuracao ocorrem sem mutex
data_race_003,benchmarks/data_race/race_config_reload_safe.c,data_race,correto,nao_aplicavel,nao_aplicavel,nao_detectar,nao_aplicavel,nao_aplicavel,true,acesso a configuracao protegido por mutex
data_race_004,benchmarks/data_race/race_increment_loop.c,data_race,vulneravel,nao_aplicavel,nao_aplicavel,detectar,nao_aplicavel,nao_aplicavel,true,incrementos concorrentes ocorrem sem sincronizacao
data_race_005,benchmarks/data_race/race_lazy_init_error.c,data_race,vulneravel,nao_aplicavel,nao_aplicavel,detectar,nao_aplicavel,nao_aplicavel,true,inicializacao preguicosa global ocorre sem lock
data_race_006,benchmarks/data_race/race_order_queue_error.c,data_race,vulneravel,nao_aplicavel,nao_aplicavel,detectar,nao_aplicavel,nao_aplicavel,true,produtores atualizam fila sem mutex
data_race_007,benchmarks/data_race/race_order_queue_safe.c,data_race,correto,nao_aplicavel,nao_aplicavel,nao_detectar,nao_aplicavel,nao_aplicavel,true,produtores atualizam fila com mutex
data_race_008,benchmarks/data_race/race_read_write.c,data_race,vulneravel,nao_aplicavel,nao_aplicavel,detectar,nao_aplicavel,nao_aplicavel,true,leitura e escrita concorrentes ocorrem sem lock
data_race_009,benchmarks/data_race/race_shared_flag.c,data_race,vulneravel,nao_aplicavel,nao_aplicavel,detectar,nao_aplicavel,nao_aplicavel,true,threads escrevem flag compartilhada sem sincronizacao
data_race_010,benchmarks/data_race/race_struct_field.c,data_race,vulneravel,nao_aplicavel,nao_aplicavel,detectar,nao_aplicavel,nao_aplicavel,true,operacoes alteram campo de struct sem mutex
data_race_011,benchmarks/data_race/simple_data_race.c,data_race,vulneravel,nao_aplicavel,nao_aplicavel,detectar,nao_aplicavel,nao_aplicavel,true,contador compartilhado e incrementado sem mutex
data_race_012,benchmarks/data_race/simple_data_race_fixed.c,data_race,correto,nao_aplicavel,nao_aplicavel,nao_detectar,nao_aplicavel,nao_aplicavel,false,controle positivo para validacao de reparo TSAN
data_race_013,benchmarks/data_race/race_metrics_snapshot_error.c,data_race,vulneravel,nao_aplicavel,nao_aplicavel,detectar,nao_aplicavel,nao_aplicavel,true,snapshot le metricas enquanto outra thread atualiza contador e total
data_race_014,benchmarks/data_race/race_reference_count_error.c,data_race,vulneravel,nao_aplicavel,nao_aplicavel,detectar,nao_aplicavel,nao_aplicavel,true,contador de referencias global e alterado por caminhos concorrentes
deadlock_001,benchmarks/deadlock/deadlock_cache_refresh_error.c,deadlock,vulneravel,nao_aplicavel,nao_aplicavel,nao_aplicavel,detectar,nao_aplicavel,true,threads adquirem cache e banco em ordens opostas
deadlock_002,benchmarks/deadlock/deadlock_cache_refresh_safe.c,deadlock,correto,nao_aplicavel,nao_aplicavel,nao_aplicavel,nao_detectar,nao_aplicavel,true,threads usam ordem consistente para cache e banco
deadlock_003,benchmarks/deadlock/deadlock_conditional_order.c,deadlock,vulneravel,nao_aplicavel,nao_aplicavel,nao_aplicavel,detectar,nao_aplicavel,true,funcao pode adquirir locks em ordens opostas
deadlock_004,benchmarks/deadlock/deadlock_nested_service_error.c,deadlock,vulneravel,nao_aplicavel,nao_aplicavel,nao_aplicavel,detectar,nao_aplicavel,true,locks do servico sao adquiridos em ordens opostas
deadlock_005,benchmarks/deadlock/deadlock_nested_service_safe.c,deadlock,correto,nao_aplicavel,nao_aplicavel,nao_aplicavel,nao_detectar,nao_aplicavel,true,servico usa ordem consistente de locks
deadlock_006,benchmarks/deadlock/deadlock_resource_pair.c,deadlock,vulneravel,nao_aplicavel,nao_aplicavel,nao_aplicavel,detectar,nao_aplicavel,true,recursos sao adquiridos em ordens opostas
deadlock_007,benchmarks/deadlock/deadlock_self_lock.c,deadlock,vulneravel,nao_aplicavel,nao_aplicavel,nao_aplicavel,detectar,nao_aplicavel,true,thread tenta bloquear o mesmo mutex duas vezes
deadlock_008,benchmarks/deadlock/deadlock_three_locks_cycle.c,deadlock,vulneravel,nao_aplicavel,nao_aplicavel,nao_aplicavel,detectar,nao_aplicavel,true,tres threads formam ciclo de espera
deadlock_009,benchmarks/deadlock/deadlock_trylock_safe.c,deadlock,correto,nao_aplicavel,nao_aplicavel,nao_aplicavel,nao_detectar,nao_aplicavel,true,trylock evita espera circular
deadlock_010,benchmarks/deadlock/deadlock_two_locks_reverse.c,deadlock,vulneravel,nao_aplicavel,nao_aplicavel,nao_aplicavel,detectar,nao_aplicavel,true,duas threads adquirem dois locks em ordem inversa
deadlock_011,benchmarks/deadlock/simple_deadlock.c,deadlock,vulneravel,nao_aplicavel,nao_aplicavel,nao_aplicavel,detectar,nao_aplicavel,true,caso minimo de deadlock com dois mutexes
deadlock_012,benchmarks/deadlock/simple_deadlock_fixed.c,deadlock,correto,nao_aplicavel,nao_aplicavel,nao_aplicavel,nao_detectar,nao_aplicavel,false,controle positivo para validacao de reparo de deadlock
deadlock_013,benchmarks/deadlock/deadlock_feature_toggle_error.c,deadlock,vulneravel,nao_aplicavel,nao_aplicavel,nao_aplicavel,detectar,nao_aplicavel,true,flag de funcionalidade leva locks de configuracao e auditoria a ordem invertida
deadlock_014,benchmarks/deadlock/deadlock_partition_transfer_error.c,deadlock,vulneravel,nao_aplicavel,nao_aplicavel,nao_aplicavel,detectar,nao_aplicavel,true,transferencias entre particoes adquirem locks em ordem derivada oposta
memory_corruption_001,benchmarks/memory_corruption/heap_write_overflow.c,memory_corruption,vulneravel,nao_aplicavel,detectar,nao_aplicavel,nao_aplicavel,inconclusivo,true,escrita fora de area alocada no heap
memory_corruption_002,benchmarks/memory_corruption/matrix_index_error.c,memory_corruption,vulneravel,nao_aplicavel,detectar,nao_aplicavel,nao_aplicavel,inconclusivo,true,acesso fora das linhas validas da matriz
memory_corruption_003,benchmarks/memory_corruption/out_of_bounds_read.c,memory_corruption,vulneravel,nao_aplicavel,detectar,nao_aplicavel,nao_aplicavel,inconclusivo,true,leitura fora dos limites do vetor
memory_corruption_004,benchmarks/memory_corruption/parser_token_overflow_error.c,memory_corruption,vulneravel,nao_aplicavel,detectar,nao_aplicavel,nao_aplicavel,inconclusivo,true,copia de token excede tamanho do campo
memory_corruption_005,benchmarks/memory_corruption/parser_token_safe.c,memory_corruption,correto,nao_aplicavel,nao_detectar,nao_aplicavel,nao_aplicavel,inconclusivo,true,copia de token limitada e terminada corretamente
memory_corruption_006,benchmarks/memory_corruption/ring_buffer_overwrite_error.c,memory_corruption,vulneravel,nao_aplicavel,detectar,nao_aplicavel,nao_aplicavel,inconclusivo,true,indice de escrita cresce fora do ring buffer
memory_corruption_007,benchmarks/memory_corruption/ring_buffer_safe.c,memory_corruption,correto,nao_aplicavel,nao_detectar,nao_aplicavel,nao_aplicavel,inconclusivo,true,indice de escrita permanece dentro do ring buffer
memory_corruption_008,benchmarks/memory_corruption/simple_buffer_overflow.c,memory_corruption,vulneravel,nao_aplicavel,detectar,nao_aplicavel,nao_aplicavel,inconclusivo,true,caso minimo de escrita fora da alocacao
memory_corruption_009,benchmarks/memory_corruption/simple_buffer_overflow_fixed.c,memory_corruption,correto,nao_aplicavel,nao_detectar,nao_aplicavel,nao_aplicavel,inconclusivo,false,controle positivo para validacao de reparo ASAN
memory_corruption_010,benchmarks/memory_corruption/stack_write_overflow.c,memory_corruption,vulneravel,nao_aplicavel,detectar,nao_aplicavel,nao_aplicavel,inconclusivo,true,escrita fora dos limites de vetor local
memory_corruption_011,benchmarks/memory_corruption/string_copy_overflow.c,memory_corruption,vulneravel,nao_aplicavel,detectar,nao_aplicavel,nao_aplicavel,inconclusivo,true,strcpy copia texto maior que o destino
memory_corruption_012,benchmarks/memory_corruption/use_after_free.c,memory_corruption,vulneravel,nao_aplicavel,detectar,nao_aplicavel,nao_aplicavel,inconclusivo,true,ponteiro e usado depois de free
memory_corruption_013,benchmarks/memory_corruption/allocator_alias_overflow_error.c,memory_corruption,vulneravel,nao_aplicavel,detectar,nao_aplicavel,nao_aplicavel,inconclusivo,true,alias interno escreve alem do payload alocado em struct
memory_corruption_014,benchmarks/memory_corruption/decoder_window_overflow_error.c,memory_corruption,vulneravel,nao_aplicavel,detectar,nao_aplicavel,nao_aplicavel,inconclusivo,true,janela de decoder usa deslocamento que ultrapassa buffer
